sentiment,trades_per_day,win_rate,avg_trade_size
Fear,70.3041958041958,0.8422935232428521,11593.062680795874
Greed,56.19642857142857,0.8460737078530538,7194.089772014735
