sentiment,count,mean,std,min,25%,50%,75%,max
Fear,572.0,7161.3036540769235,36510.16905436524,-108604.496278,59.630438500000004,662.9610525,3677.4241395,533974.662903
Greed,448.0,4799.395698551339,36716.51906586095,-358963.139984,123.51347324999999,803.9680035,2573.16394625,375620.270243
