risk_segment,Fear,Greed
High Risk,15104.422450372413,9857.232707327272
Low Risk,271.920383443609,617.0280579180327
Medium,6360.404842959184,4585.908574439815
